"","text"
"1","Sol 2319 (2019-02-13), high -17C/1F, low -72C/-97F, pressure at 8.12 hPa, daylight 06:46-18:52"
"2","Sol 2318 (2019-02-12), high -17C/1F, low -73C/-99F, pressure at 8.11 hPa, daylight 06:46-18:52"
"3","Sol 2317 (2019-02-11), high -16C/3F, low -73C/-99F, pressure at 8.12 hPa, daylight 06:46-18:52"
"4","Sol 2316 (2019-02-10), high -14C/6F, low -72C/-97F, pressure at 8.14 hPa, daylight 06:47-18:52"
"5","Sol 2315 (2019-02-09), high -17C/1F, low -71C/-95F, pressure at 8.13 hPa, daylight 06:47-18:52"
"6","Sol 2314 (2019-02-08), high -16C/3F, low -71C/-95F, pressure at 8.14 hPa, daylight 06:47-18:53"
"7","Sol 2313 (2019-02-07), high -14C/6F, low -71C/-95F, pressure at 8.14 hPa, daylight 06:47-18:53"
"8","Sol 2312 (2019-02-06), high -13C/8F, low -72C/-97F, pressure at 8.13 hPa, daylight 06:47-18:53"
"9","Sol 2311 (2019-02-05), high -11C/12F, low -73C/-99F, pressure at 8.12 hPa, daylight 06:47-18:53"
"10","Sol 2310 (2019-02-04), high -6C/21F, low -75C/-102F, pressure at 8.15 hPa, daylight 06:47-18:53"
"11","Sol 2309 (2019-02-03), high -16C/3F, low -71C/-95F, pressure at 8.14 hPa, daylight 06:47-18:53"
"12","Sol 2308 (2019-02-02), high -13C/8F, low -71C/-95F, pressure at 8.14 hPa, daylight 06:47-18:54"
"13","Sol 2307 (2019-02-01), high -13C/8F, low -71C/-95F, pressure at 8.14 hPa, daylight 06:47-18:54"
"14","Sol 2306 (2019-01-31), high -12C/10F, low -70C/-93F, pressure at 8.13 hPa, daylight 06:47-18:54"
"15","Sol 2305 (2019-01-30), high -4C/24F, low -73C/-99F, pressure at 8.14 hPa, daylight 06:47-18:54"
"16","Sol 2304 (2019-01-29), high -6C/21F, low -73C/-99F, pressure at 8.14 hPa, daylight 06:47-18:54"
"17","Sol 2303 (2019-01-28), high -7C/19F, low -73C/-99F, pressure at 8.15 hPa, daylight 06:47-18:54"
"18","Sol 2302 (2019-01-27), high -7C/19F, low -73C/-99F, pressure at 8.15 hPa, daylight 06:47-18:54"
"19","Sol 2301 (2019-01-26), high -17C/1F, low -73C/-99F, pressure at 8.17 hPa, daylight 06:46-18:54"
"20","Sol 2300 (2019-01-25), high -7C/19F, low -73C/-99F, pressure at 8.18 hPa, daylight 06:46-18:54"
"21","Sol 2299 (2019-01-24), high -5C/23F, low -74C/-101F, pressure at 8.18 hPa, daylight 06:46-18:55"
"22","Sol 2298 (2019-01-23), high -9C/15F, low -71C/-95F, pressure at 8.17 hPa, daylight 06:46-18:55"
"23","Sol 2297 (2019-01-22), high -12C/10F, low -70C/-93F, pressure at 8.18 hPa, daylight 06:46-18:55"
"24","Sol 2296 (2019-01-21), high -7C/19F, low -73C/-99F, pressure at 8.17 hPa, daylight 06:46-18:55"
"25","Sol 2295 (2019-01-20), high -8C/17F, low -68C/-90F, pressure at 8.20 hPa, daylight 06:46-18:55"
"26","Sol 2294 (2019-01-19), high -8C/17F, low -70C/-93F, pressure at 8.20 hPa, daylight 06:46-18:55"
"27","Sol 2293 (2019-01-18), high -9C/15F, low -69C/-92F, pressure at 8.21 hPa, daylight 06:46-18:55"
"28","Sol 2292 (2019-01-17), high -7C/19F, low -72C/-97F, pressure at 8.24 hPa, daylight 06:46-18:55"
"29","Sol 2291 (2019-01-16), high -8C/17F, low -70C/-93F, pressure at 8.23 hPa, daylight 06:46-18:55"
"30","Sol 2290 (2019-01-15), high -10C/14F, low -69C/-92F, pressure at 8.21 hPa, daylight 06:45-18:55"
"31","Sol 2289 (2019-01-14), high -8C/17F, low -69C/-92F, pressure at 8.22 hPa, daylight 06:45-18:55"
"32","Sol 2288 (2019-01-12), high -7C/19F, low -68C/-90F, pressure at 8.23 hPa, daylight 06:45-18:55"
"33","Sol 2287 (2019-01-11), high -7C/19F, low -69C/-92F, pressure at 8.21 hPa, daylight 06:45-18:55"
"34","Sol 2286 (2019-01-10), high -8C/17F, low -68C/-90F, pressure at 8.22 hPa, daylight 06:45-18:55"
"35","Sol 2285 (2019-01-09), high -8C/17F, low -69C/-92F, pressure at 8.23 hPa, daylight 06:45-18:55"
"36","Sol 2284 (2019-01-08), high -7C/19F, low -70C/-93F, pressure at 8.29 hPa, daylight 06:44-18:55"
"37","Sol 2283 (2019-01-07), high -9C/15F, low -71C/-95F, pressure at 8.25 hPa, daylight 06:44-18:55"
"38","Sol 2282 (2019-01-06), high -5C/23F, low -71C/-95F, pressure at 8.30 hPa, daylight 06:44-18:55"
"39","Sol 2281 (2019-01-05), high -6C/21F, low -71C/-95F, pressure at 8.26 hPa, daylight 06:44-18:55"
"40","Sol 2280 (2019-01-04), high -9C/15F, low -71C/-95F, pressure at 8.34 hPa, daylight 06:44-18:55"
"41","Sol 2279 (2019-01-03), high -8C/17F, low -71C/-95F, pressure at 8.30 hPa, daylight 06:43-18:55"
"42","Sol 2278 (2019-01-02), high -5C/23F, low -71C/-95F, pressure at 8.28 hPa, daylight 06:43-18:54"
"43","Sol 2277 (2019-01-01), high -5C/23F, low -71C/-95F, pressure at 8.31 hPa, daylight 06:43-18:54"
"44","Sol 2276 (2018-12-31), high -6C/21F, low -70C/-93F, pressure at 8.30 hPa, daylight 06:43-18:54"
"45","Sol 2275 (2018-12-30), high -7C/19F, low -71C/-95F, pressure at 8.34 hPa, daylight 06:42-18:54"
"46","Sol 2274 (2018-12-29), high -5C/23F, low -74C/-101F, pressure at 8.28 hPa, daylight 06:42-18:54"
"47","Sol 2273 (2018-12-28), high -5C/23F, low -71C/-95F, pressure at 8.34 hPa, daylight 06:42-18:54"
"48","Sol 2272 (2018-12-27), high -4C/24F, low -73C/-99F, pressure at 8.31 hPa, daylight 06:42-18:54"
"49","Sol 2271 (2018-12-26), high -7C/19F, low -70C/-93F, pressure at 8.31 hPa, daylight 06:41-18:54"
"50","Sol 2270 (2018-12-25), high -5C/23F, low -75C/-102F, pressure at 8.35 hPa, daylight 06:41-18:53"
"51","Sol 2269 (2018-12-24), high -4C/24F, low -75C/-102F, pressure at 8.29 hPa, daylight 06:41-18:53"
"52","Sol 2268 (2018-12-23), high -10C/14F, low -74C/-101F, pressure at 8.36 hPa, daylight 06:40-18:53"
"53","Sol 2267 (2018-12-22), high -5C/23F, low -73C/-99F, pressure at 8.30 hPa, daylight 06:40-18:53"
"54","Sol 2266 (2018-12-21), high -7C/19F, low -71C/-95F, pressure at 8.36 hPa, daylight 06:40-18:53"
"55","Sol 2265 (2018-12-20), high -5C/23F, low -71C/-95F, pressure at 8.36 hPa, daylight 06:39-18:52"
"56","Sol 2264 (2018-12-19), high -6C/21F, low -71C/-95F, pressure at 8.33 hPa, daylight 06:39-18:52"
"57","Sol 2263 (2018-12-18), high -7C/19F, low -74C/-101F, pressure at 8.38 hPa, daylight 06:39-18:52"
"58","Sol 2261 (2018-12-16), high -7C/19F, low -70C/-93F, pressure at 8.39 hPa, daylight 06:38-18:51"
"59","Sol 2258 (2018-12-13), high -6C/21F, low -70C/-93F, pressure at 8.41 hPa, daylight 06:37-18:51"
"60","Sol 2257 (2018-12-12), high -4C/24F, low -72C/-97F, pressure at 8.36 hPa, daylight 06:36-18:50"
"61","Sol 2256 (2018-12-11), high -11C/12F, low -70C/-93F, pressure at 8.43 hPa, daylight 06:36-18:50"
"62","Sol 2255 (2018-12-10), high -11C/12F, low -71C/-95F, pressure at 8.41 hPa, daylight 06:36-18:50"
"63","Sol 2254 (2018-12-09), high -13C/8F, low -71C/-95F, pressure at 8.45 hPa, daylight 06:35-18:49"
"64","Sol 2253 (2018-12-08), high -15C/5F, low -70C/-93F, pressure at 8.45 hPa, daylight 06:35-18:49"
"65","Sol 2252 (2018-12-07), high -15C/5F, low -72C/-97F, pressure at 8.40 hPa, daylight 06:34-18:49"
"66","Sol 2251 (2018-12-05), high -15C/5F, low -74C/-101F, pressure at 8.47 hPa, daylight 06:34-18:48"
"67","Sol 2250 (2018-12-04), high -14C/6F, low -70C/-93F, pressure at 8.42 hPa, daylight 06:33-18:48"
"68","Sol 2249 (2018-12-03), high -4C/24F, low -70C/-93F, pressure at 8.46 hPa, daylight 06:33-18:48"
"69","Sol 2248 (2018-12-02), high 1C/33F, low -71C/-95F, pressure at 8.46 hPa, daylight 06:32-18:47"
"70","Sol 2247 (2018-12-01), high -4C/24F, low -70C/-93F, pressure at 8.44 hPa, daylight 06:32-18:47"
"71","Sol 2246 (2018-11-30), high 2C/35F, low -71C/-95F, pressure at 8.48 hPa, daylight 06:31-18:47"
"72","Sol 2245 (2018-11-29), high -7C/19F, low -70C/-93F, pressure at 8.45 hPa, daylight 06:31-18:46"
"73","Sol 2244 (2018-11-28), high -5C/23F, low -70C/-93F, pressure at 8.49 hPa, daylight 06:30-18:46"
"74","Sol 2243 (2018-11-27), high -3C/26F, low -70C/-93F, pressure at 8.48 hPa, daylight 06:30-18:45"
"75","Sol 2242 (2018-11-26), high -2C/28F, low -70C/-93F, pressure at 8.48 hPa, daylight 06:29-18:45"
"76","Sol 2241 (2018-11-25), high -2C/28F, low -70C/-93F, pressure at 8.50 hPa, daylight 06:29-18:45"
"77","Sol 2240 (2018-11-24), high 0C/32F, low -70C/-93F, pressure at 8.49 hPa, daylight 06:28-18:44"
"78","Sol 2239 (2018-11-23), high -2C/28F, low -70C/-93F, pressure at 8.52 hPa, daylight 06:28-18:44"
"79","Sol 2238 (2018-11-22), high -2C/28F, low -69C/-92F, pressure at 8.53 hPa, daylight 06:27-18:43"
"80","Sol 2237 (2018-11-21), high -3C/26F, low -70C/-93F, pressure at 8.54 hPa, daylight 06:27-18:43"
"81","Sol 2236 (2018-11-20), high -3C/26F, low -71C/-95F, pressure at 8.57 hPa, daylight 06:26-18:42"
"82","Sol 2235 (2018-11-19), high 2C/35F, low -70C/-93F, pressure at 8.53 hPa, daylight 06:25-18:42"
"83","Sol 2234 (2018-11-18), high 2C/35F, low -70C/-93F, pressure at 8.57 hPa, daylight 06:25-18:41"
"84","Sol 2233 (2018-11-17), high -4C/24F, low -72C/-97F, pressure at 8.61 hPa, daylight 06:24-18:41"
"85","Sol 2232 (2018-11-16), high -3C/26F, low -73C/-99F, pressure at 8.58 hPa, daylight 06:24-18:40"
"86","Sol 2231 (2018-11-15), high -10C/14F, low -73C/-99F, pressure at 8.60 hPa, daylight 06:23-18:40"
"87","Sol 2230 (2018-11-14), high -5C/23F, low -72C/-97F, pressure at 8.59 hPa, daylight 06:22-18:39"
"88","Sol 2229 (2018-11-13), high -2C/28F, low -71C/-95F, pressure at 8.62 hPa, daylight 06:22-18:39"
"89","Sol 2228 (2018-11-12), high -31C/-23F, low -71C/-95F, pressure at 8.84 hPa, daylight 06:21-18:38"
"90","Sol 2227 (2018-11-11), high -3C/26F, low -72C/-97F, pressure at 8.63 hPa, daylight 06:21-18:38"
"91","Sol 2226 (2018-11-10), high -4C/24F, low -73C/-99F, pressure at 8.63 hPa, daylight 06:20-18:37"
"92","Sol 2225 (2018-11-09), high 1C/33F, low -71C/-95F, pressure at 8.64 hPa, daylight 06:19-18:36"
"93","Sol 2224 (2018-11-08), high 0C/32F, low -72C/-97F, pressure at 8.65 hPa, daylight 06:19-18:36"
"94","Sol 2223 (2018-11-07), high 2C/35F, low -64C/-83F, pressure at 8.50 hPa, daylight 06:18-18:35"
"95","Sol 2222 (2018-11-06), high -3C/26F, low -70C/-93F, pressure at 8.65 hPa, daylight 06:17-18:35"
"96","Sol 2221 (2018-11-05), high -4C/24F, low -70C/-93F, pressure at 8.65 hPa, daylight 06:17-18:34"
"97","Sol 2220 (2018-11-04), high -10C/14F, low -73C/-99F, pressure at 8.66 hPa, daylight 06:16-18:33"
"98","Sol 2219 (2018-11-03), high -7C/19F, low -71C/-95F, pressure at 8.68 hPa, daylight 06:15-18:33"
"99","Sol 2218 (2018-11-02), high -7C/19F, low -71C/-95F, pressure at 8.66 hPa, daylight 06:15-18:32"
"100","Sol 2217 (2018-11-01), high -13C/8F, low -71C/-95F, pressure at 8.68 hPa, daylight 06:14-18:32"
"101","Sol 2216 (2018-10-31), high -12C/10F, low -69C/-92F, pressure at 8.68 hPa, daylight 06:13-18:31"
"102","Sol 2214 (2018-10-28), high -13C/8F, low -73C/-99F, pressure at 8.72 hPa, daylight 06:12-18:30"
"103","Sol 2213 (2018-10-27), high -12C/10F, low -70C/-93F, pressure at 8.74 hPa, daylight 06:11-18:29"
"104","Sol 2212 (2018-10-26), high -13C/8F, low -71C/-95F, pressure at 8.77 hPa, daylight 06:11-18:28"
"105","Sol 2211 (2018-10-25), high -13C/8F, low -71C/-95F, pressure at 8.76 hPa, daylight 06:10-18:28"
"106","Sol 2210 (2018-10-24), high -11C/12F, low -74C/-101F, pressure at 8.77 hPa, daylight 06:09-18:27"
"107","Sol 2209 (2018-10-23), high -18C/0F, low -73C/-99F, pressure at 8.79 hPa, daylight 06:09-18:26"
"108","Sol 2208 (2018-10-22), high -18C/0F, low -75C/-102F, pressure at 8.80 hPa, daylight 06:08-18:26"
"109","Sol 2207 (2018-10-21), high -14C/6F, low -72C/-97F, pressure at 8.81 hPa, daylight 06:07-18:25"
"110","Sol 2206 (2018-10-20), high -14C/6F, low -74C/-101F, pressure at 8.81 hPa, daylight 06:06-18:24"
"111","Sol 2205 (2018-10-19), high -13C/8F, low -70C/-93F, pressure at 8.80 hPa, daylight 06:06-18:24"
"112","Sol 2204 (2018-10-18), high -14C/6F, low -56C/-68F, pressure at 8.54 hPa, daylight 06:05-18:23"
"113","Sol 2174 (2018-09-17), high -22C/-7F, low -68C/-90F, pressure at 8.96 hPa, daylight 05:45-18:01"
"114","Sol 2173 (2018-09-16), high -14C/6F, low -65C/-84F, pressure at 8.93 hPa, daylight 05:44-18:01"
"115","Sol 2172 (2018-09-15), high -14C/6F, low -73C/-99F, pressure at 8.93 hPa, daylight 05:43-18:00"
"116","Sol 2171 (2018-09-14), high -12C/10F, low -65C/-84F, pressure at 8.79 hPa, daylight 05:43-17:59"
"117","Sol 2170 (2018-09-13), high -12C/10F, low -68C/-90F, pressure at 8.86 hPa, daylight 05:42-17:59"
"118","Sol 2169 (2018-09-12), high -10C/14F, low -70C/-93F, pressure at 8.82 hPa, daylight 05:41-17:58"
"119","Sol 2168 (2018-09-11), high -13C/8F, low -69C/-92F, pressure at 8.99 hPa, daylight 05:41-17:57"
"120","Sol 2167 (2018-09-10), high -12C/10F, low -73C/-99F, pressure at 8.85 hPa, daylight 05:40-17:57"
"121","Sol 2166 (2018-09-09), high -10C/14F, low -72C/-97F, pressure at 8.87 hPa, daylight 05:40-17:56"
"122","Sol 2165 (2018-09-08), high -10C/14F, low -70C/-93F, pressure at 8.87 hPa, daylight 05:39-17:55"
"123","Sol 2164 (2018-09-07), high -8C/17F, low -68C/-90F, pressure at 8.86 hPa, daylight 05:39-17:55"
"124","Sol 2163 (2018-09-06), high -5C/23F, low -70C/-93F, pressure at 8.86 hPa, daylight 05:38-17:54"
"125","Sol 2162 (2018-09-05), high -5C/23F, low -69C/-92F, pressure at 8.85 hPa, daylight 05:37-17:53"
"126","Sol 2161 (2018-09-04), high -5C/23F, low -68C/-90F, pressure at 8.84 hPa, daylight 05:37-17:53"
"127","Sol 2160 (2018-09-03), high -8C/17F, low -68C/-90F, pressure at 8.85 hPa, daylight 05:36-17:52"
"128","Sol 2159 (2018-09-02), high -10C/14F, low -68C/-90F, pressure at 8.83 hPa, daylight 05:36-17:51"
"129","Sol 2158 (2018-09-01), high -7C/19F, low -67C/-88F, pressure at 8.80 hPa, daylight 05:35-17:51"
"130","Sol 2157 (2018-08-31), high -5C/23F, low -67C/-88F, pressure at 8.77 hPa, daylight 05:35-17:50"
"131","Sol 2156 (2018-08-30), high -6C/21F, low -71C/-95F, pressure at 8.79 hPa, daylight 05:34-17:49"
"132","Sol 2155 (2018-08-29), high -12C/10F, low -76C/-104F, pressure at 8.78 hPa, daylight 05:34-17:49"
"133","Sol 2154 (2018-08-28), high -10C/14F, low -73C/-99F, pressure at 8.78 hPa, daylight 05:33-17:48"
"134","Sol 2153 (2018-08-27), high -10C/14F, low -68C/-90F, pressure at 8.80 hPa, daylight 05:33-17:47"
"135","Sol 2152 (2018-08-26), high -10C/14F, low -69C/-92F, pressure at 8.78 hPa, daylight 05:32-17:47"
"136","Sol 2151 (2018-08-25), high -12C/10F, low -66C/-86F, pressure at 8.76 hPa, daylight 05:32-17:46"
"137","Sol 2150 (2018-08-24), high -11C/12F, low -68C/-90F, pressure at 8.74 hPa, daylight 05:31-17:46"
"138","Sol 2149 (2018-08-23), high -10C/14F, low -68C/-90F, pressure at 8.74 hPa, daylight 05:31-17:45"
"139","Sol 2148 (2018-08-22), high -13C/8F, low -67C/-88F, pressure at 8.72 hPa, daylight 05:30-17:44"
"140","Sol 2147 (2018-08-21), high -15C/5F, low -68C/-90F, pressure at 8.70 hPa, daylight 05:30-17:44"
"141","Sol 2146 (2018-08-20), high -10C/14F, low -67C/-88F, pressure at 8.70 hPa, daylight 05:29-17:43"
"142","Sol 2145 (2018-08-19), high -10C/14F, low -66C/-86F, pressure at 8.68 hPa, daylight 05:29-17:43"
"143","Sol 2144 (2018-08-18), high -11C/12F, low -67C/-88F, pressure at 8.67 hPa, daylight 05:29-17:42"
"144","Sol 2143 (2018-08-17), high -12C/10F, low -71C/-95F, pressure at 8.65 hPa, daylight 05:28-17:42"
"145","Sol 2142 (2018-08-15), high -10C/14F, low -71C/-95F, pressure at 8.65 hPa, daylight 05:28-17:41"
"146","Sol 2141 (2018-08-14), high -17C/1F, low -66C/-86F, pressure at 8.63 hPa, daylight 05:27-17:41"
"147","Sol 2140 (2018-08-13), high -10C/14F, low -70C/-93F, pressure at 8.58 hPa, daylight 05:27-17:40"
"148","Sol 2139 (2018-08-12), high -11C/12F, low -70C/-93F, pressure at 8.57 hPa, daylight 05:27-17:40"
"149","Sol 2138 (2018-08-11), high -16C/3F, low -68C/-90F, pressure at 8.58 hPa, daylight 05:26-17:39"
"150","Sol 2137 (2018-08-10), high -13C/8F, low -66C/-86F, pressure at 8.57 hPa, daylight 05:26-17:38"
"151","Sol 2136 (2018-08-09), high -13C/8F, low -66C/-86F, pressure at 8.56 hPa, daylight 05:26-17:38"
"152","Sol 2135 (2018-08-08), high -15C/5F, low -66C/-86F, pressure at 8.54 hPa, daylight 05:25-17:37"
"153","Sol 2134 (2018-08-07), high -14C/6F, low -65C/-84F, pressure at 8.51 hPa, daylight 05:25-17:37"
"154","Sol 2133 (2018-08-06), high -18C/0F, low -65C/-84F, pressure at 8.49 hPa, daylight 05:24-17:37"
"155","Sol 2132 (2018-08-05), high -16C/3F, low -69C/-92F, pressure at 8.47 hPa, daylight 05:24-17:36"
"156","Sol 2131 (2018-08-04), high -21C/-5F, low -67C/-88F, pressure at 8.46 hPa, daylight 05:24-17:36"
"157","Sol 2130 (2018-08-03), high -18C/0F, low -62C/-79F, pressure at 8.44 hPa, daylight 05:24-17:35"
"158","Sol 2129 (2018-08-02), high -21C/-5F, low -66C/-86F, pressure at 8.43 hPa, daylight 05:23-17:35"
"159","Sol 2128 (2018-08-01), high -20C/-3F, low -65C/-84F, pressure at 8.41 hPa, daylight 05:23-17:34"
"160","Sol 2127 (2018-07-31), high -18C/0F, low -69C/-92F, pressure at 8.38 hPa, daylight 05:23-17:34"
"161","Sol 2126 (2018-07-30), high -18C/0F, low -63C/-81F, pressure at 8.37 hPa, daylight 05:22-17:33"
"162","Sol 2125 (2018-07-29), high -17C/1F, low -66C/-86F, pressure at 8.34 hPa, daylight 05:22-17:33"
"163","Sol 2124 (2018-07-28), high -17C/1F, low -67C/-88F, pressure at 8.32 hPa, daylight 05:22-17:33"
"164","Sol 2123 (2018-07-27), high -18C/0F, low -68C/-90F, pressure at 8.31 hPa, daylight 05:22-17:32"
"165","Sol 2122 (2018-07-26), high -14C/6F, low -63C/-81F, pressure at 8.30 hPa, daylight 05:21-17:32"
"166","Sol 2121 (2018-07-25), high -18C/0F, low -62C/-79F, pressure at 8.29 hPa, daylight 05:21-17:31"
"167","Sol 2120 (2018-07-24), high -16C/3F, low -67C/-88F, pressure at 8.28 hPa, daylight 05:21-17:31"
"168","Sol 2119 (2018-07-23), high -16C/3F, low -69C/-92F, pressure at 8.24 hPa, daylight 05:21-17:31"
"169","Sol 2118 (2018-07-22), high -19C/-2F, low -68C/-90F, pressure at 8.22 hPa, daylight 05:20-17:30"
"170","Sol 2117 (2018-07-21), high -19C/-2F, low -64C/-83F, pressure at 8.22 hPa, daylight 05:20-17:30"
"171","Sol 2116 (2018-07-20), high -21C/-5F, low -62C/-79F, pressure at 8.20 hPa, daylight 05:20-17:30"
"172","Sol 2115 (2018-07-19), high -21C/-5F, low -61C/-77F, pressure at 8.18 hPa, daylight 05:20-17:29"
"173","Sol 2114 (2018-07-18), high -19C/-2F, low -61C/-77F, pressure at 8.16 hPa, daylight 05:20-17:29"
"174","Sol 2113 (2018-07-17), high -20C/-3F, low -62C/-79F, pressure at 8.15 hPa, daylight 05:20-17:28"
"175","Sol 2112 (2018-07-16), high -20C/-3F, low -63C/-81F, pressure at 8.13 hPa, daylight 05:19-17:28"
"176","Sol 2111 (2018-07-15), high -20C/-3F, low -67C/-88F, pressure at 8.13 hPa, daylight 05:19-17:28"
"177","Sol 2110 (2018-07-14), high -20C/-3F, low -59C/-74F, pressure at 8.10 hPa, daylight 05:19-17:28"
"178","Sol 2109 (2018-07-13), high -22C/-7F, low -66C/-86F, pressure at 8.09 hPa, daylight 05:19-17:27"
"179","Sol 2108 (2018-07-12), Sunny, high -24C/-11F, low -65C/-84F, pressure at 8.06 hPa, daylight 05:19-17:27"
"180","Sol 2107 (2018-07-11), Sunny, high -21C/-5F, low -65C/-84F, pressure at 8.07 hPa, daylight 05:19-17:27"
"181","Sol 2106 (2018-07-09), Sunny, high -27C/-16F, low -59C/-74F, pressure at 8.06 hPa, daylight 05:19-17:26"
"182","Sol 2105 (2018-07-08), Sunny, high -25C/-12F, low -61C/-77F, pressure at 8.02 hPa, daylight 05:18-17:26"
"183","Sol 2104 (2018-07-07), Sunny, high -23C/-9F, low -59C/-74F, pressure at 7.97 hPa, daylight 05:18-17:26"
"184","Sol 2103 (2018-07-06), Sunny, high -26C/-14F, low -58C/-72F, pressure at 7.97 hPa, daylight 05:18-17:26"
"185","Sol 2102 (2018-07-05), Sunny, high -22C/-7F, low -60C/-75F, pressure at 7.97 hPa, daylight 05:18-17:25"
"186","Sol 2101 (2018-07-04), Sunny, high -23C/-9F, low -61C/-77F, pressure at 7.96 hPa, daylight 05:18-17:25"
"187","Sol 2100 (2018-07-03), Sunny, high -29C/-20F, low -61C/-77F, pressure at 7.97 hPa, daylight 05:18-17:25"
"188","Sol 2099 (2018-07-02), Sunny, high -25C/-12F, low -61C/-77F, pressure at 7.91 hPa, daylight 05:18-17:25"
"189","Sol 2098 (2018-07-01), Sunny, high -23C/-9F, low -61C/-77F, pressure at 7.91 hPa, daylight 05:18-17:24"
"190","Sol 2097 (2018-06-30), Sunny, high -23C/-9F, low -60C/-75F, pressure at 7.89 hPa, daylight 05:18-17:24"
"191","Sol 2096 (2018-06-29), Sunny, high -22C/-7F, low -63C/-81F, pressure at 7.88 hPa, daylight 05:18-17:24"
"192","Sol 2095 (2018-06-28), Sunny, high -25C/-12F, low -61C/-77F, pressure at 7.84 hPa, daylight 05:18-17:24"
"193","Sol 2094 (2018-06-27), Sunny, high -27C/-16F, low -61C/-77F, pressure at 7.83 hPa, daylight 05:18-17:24"
"194","Sol 2093 (2018-06-26), Sunny, high -24C/-11F, low -63C/-81F, pressure at 7.80 hPa, daylight 05:18-17:23"
"195","Sol 2092 (2018-06-25), Sunny, high -24C/-11F, low -67C/-88F, pressure at 7.81 hPa, daylight 05:18-17:23"
"196","Sol 2091 (2018-06-24), Sunny, high -22C/-7F, low -63C/-81F, pressure at 7.79 hPa, daylight 05:18-17:23"
"197","Sol 2090 (2018-06-23), Sunny, high -23C/-9F, low -61C/-77F, pressure at 7.78 hPa, daylight 05:18-17:23"
"198","Sol 2089 (2018-06-22), Sunny, high -26C/-14F, low -59C/-74F, pressure at 7.79 hPa, daylight 05:18-17:23"
"199","Sol 2088 (2018-06-21), Sunny, high -24C/-11F, low -58C/-72F, pressure at 7.78 hPa, daylight 05:18-17:22"
"200","Sol 2087 (2018-06-20), Sunny, high -28C/-18F, low -59C/-74F, pressure at 7.80 hPa, daylight 05:18-17:22"
"201","Sol 2086 (2018-06-19), Sunny, high -25C/-12F, low -57C/-70F, pressure at 7.76 hPa, daylight 05:18-17:22"
"202","Sol 2085 (2018-06-18), Sunny, high -24C/-11F, low -57C/-70F, pressure at 7.72 hPa, daylight 05:18-17:22"
"203","Sol 2084 (2018-06-17), Sunny, high -21C/-5F, low -65C/-84F, pressure at 7.71 hPa, daylight 05:18-17:22"
"204","Sol 2083 (2018-06-16), Sunny, high -14C/6F, low -63C/-81F, pressure at 7.69 hPa, daylight 05:18-17:22"
"205","Sol 2082 (2018-06-15), Sunny, high -15C/5F, low -64C/-83F, pressure at 7.68 hPa, daylight 05:18-17:22"
"206","Sol 2081 (2018-06-14), Sunny, high -3C/26F, low -69C/-92F, pressure at 7.70 hPa, daylight 05:18-17:21"
"207","Sol 2080 (2018-06-13), Sunny, high 2C/35F, low -67C/-88F, pressure at 7.68 hPa, daylight 05:18-17:21"
"208","Sol 2079 (2018-06-12), Sunny, high 2C/35F, low -68C/-90F, pressure at 7.67 hPa, daylight 05:18-17:21"
"209","Sol 2078 (2018-06-11), Sunny, high 1C/33F, low -73C/-99F, pressure at 7.64 hPa, daylight 05:18-17:21"
"210","Sol 2077 (2018-06-10), Sunny, high 0C/32F, low -69C/-92F, pressure at 7.65 hPa, daylight 05:18-17:21"
"211","Sol 2076 (2018-06-09), Sunny, high 3C/37F, low -71C/-95F, pressure at 7.64 hPa, daylight 05:18-17:21"
"212","Sol 2075 (2018-06-08), Sunny, high 3C/37F, low -69C/-92F, pressure at 7.62 hPa, daylight 05:18-17:21"
"213","Sol 2074 (2018-06-07), Sunny, high 6C/42F, low -70C/-93F, pressure at 7.58 hPa, daylight 05:18-17:21"
"214","Sol 2074 (2018-06-07), Sunny, high 6C/42F, low -70C/-93F, pressure at 7.58 hPa, daylight 05:18-17:21"
"215","Sol 2074 (2018-06-07), Sunny, high 6C/42F, low -70C/-93F, pressure at 7.58 hPa, daylight 05:18-17:21"
"216","Sol 2073 (2018-06-06), Sunny, high 7C/44F, low -74C/-101F, pressure at 7.56 hPa, daylight 05:18-17:21"
"217","Sol 2072 (2018-06-05), Sunny, high 6C/42F, low -71C/-95F, pressure at 7.58 hPa, daylight 05:18-17:21"
"218","Sol 2071 (2018-06-04), Sunny, high 4C/39F, low -71C/-95F, pressure at 7.55 hPa, daylight 05:18-17:20"
"219","Sol 2070 (June 02, 2018), Sunny, high 3C/37F, low -70C/-93F, pressure at 7.57 hPa, daylight 05:19-17:20"
"220","Sol 2067 (May 30, 2018), Sunny, high 3C/37F, low -74C/-101F, pressure at 7.43 hPa, daylight 05:19-17:20"
"221","Sol 2063 (May 26, 2018), Sunny, high 3C/37F, low -71C/-95F, pressure at 7.48 hPa, daylight 05:19-17:20"
"222","Sol 2062 (May 25, 2018), Sunny, high 2C/35F, low -72C/-97F, pressure at 7.45 hPa, daylight 05:19-17:20"
"223","Sol 2060 (May 23, 2018), Sunny, high 4C/39F, low -73C/-99F, pressure at 7.43 hPa, daylight 05:20-17:20"
"224","Sol 2058 (May 21, 2018), Sunny, high 4C/39F, low -71C/-95F, pressure at 7.43 hPa, daylight 05:20-17:20"
"225","Sol 2056 (May 19, 2018), Sunny, high 5C/41F, low -74C/-101F, pressure at 7.40 hPa, daylight 05:20-17:20"
"226","Sol 2054 (May 17, 2018), Sunny, high 4C/39F, low -72C/-97F, pressure at 7.40 hPa, daylight 05:21-17:20"
"227","Sol 2053 (May 16, 2018), Sunny, high 3C/37F, low -71C/-95F, pressure at 7.40 hPa, daylight 05:21-17:20"
"228","Sol 2051 (May 14, 2018), Sunny, high 1C/33F, low -71C/-95F, pressure at 7.39 hPa, daylight 05:21-17:20"
"229","Sol 2050 (May 13, 2018), Sunny, high 1C/33F, low -71C/-95F, pressure at 7.37 hPa, daylight 05:21-17:20"
"230","Sol 2047 (May 10, 2018), Sunny, high 3C/37F, low -71C/-95F, pressure at 7.33 hPa, daylight 05:22-17:20"
"231","Sol 2045 (May 08, 2018), Sunny, high -7C/19F, low -74C/-101F, pressure at 7.33 hPa, daylight 05:22-17:20"
"232","Sol 2043 (May 06, 2018), Sunny, high -14C/6F, low -71C/-95F, pressure at 7.36 hPa, daylight 05:22-17:20"
"233","Sol 2042 (May 05, 2018), Sunny, high -7C/19F, low -72C/-97F, pressure at 7.30 hPa, daylight 05:23-17:20"
"234","Sol 2039 (May 02, 2018), Sunny, high 0C/32F, low -74C/-101F, pressure at 7.28 hPa, daylight 05:23-17:20"
"235","Sol 2038 (May 01, 2018), Sunny, high -3C/26F, low -74C/-101F, pressure at 7.26 hPa, daylight 05:23-17:20"
"236","Sol 2037 (April 30, 2018), Sunny, high -2C/28F, low -75C/-103F, pressure at 7.25 hPa, daylight 05:24-17:20"
"237","Sol 2036 (April 29, 2018), Sunny, high -5C/23F, low -72C/-97F, pressure at 7.28 hPa, daylight 05:24-17:20"
"238","Sol 2033 (April 25, 2018), Sunny, high -10C/14F, low -71C/-95F, pressure at 7.23 hPa, daylight 05:24-17:20"
"239","Sol 2030 (April 22, 2018), Sunny, high -4C/24F, low -73C/-99F, pressure at 7.21 hPa, daylight 05:25-17:21"
"240","Sol 2029 (April 21, 2018), Sunny, high -11C/12F, low -72C/-97F, pressure at 7.22 hPa, daylight 05:25-17:21"
"241","Sol 2026 (April 18, 2018), Sunny, high -6C/21F, low -73C/-99F, pressure at 7.19 hPa, daylight 05:26-17:21"
"242","Sol 2024 (April 16, 2018), Sunny, high -7C/19F, low -76C/-104F, pressure at 7.20 hPa, daylight 05:26-17:21"
"243","Sol 2022 (April 14, 2018), Sunny, high -4C/24F, low -73C/-99F, pressure at 7.19 hPa, daylight 05:27-17:21"
"244","Sol 2019 (April 11, 2018), Sunny, high -6C/21F, low -75C/-103F, pressure at 7.18 hPa, daylight 05:27-17:21"
"245","Sol 2017 (April 09, 2018), Sunny, high -6C/21F, low -75C/-103F, pressure at 7.17 hPa, daylight 05:28-17:21"
"246","Sol 2016 (April 08, 2018), Sunny, high -9C/15F, low -73C/-99F, pressure at 7.18 hPa, daylight 05:28-17:21"
"247","Sol 2012 (April 04, 2018), Sunny, high -7C/19F, low -74C/-101F, pressure at 7.15 hPa, daylight 05:29-17:22"
"248","Sol 2011 (April 03, 2018), Sunny, high -10C/14F, low -73C/-99F, pressure at 7.16 hPa, daylight 05:29-17:22"
"249","Sol 2009 (April 01, 2018), Sunny, high -9C/15F, low -74C/-101F, pressure at 7.17 hPa, daylight 05:30-17:22"
"250","Sol 2008 (March 31, 2018), Sunny, high -9C/15F, low -74C/-101F, pressure at 7.17 hPa, daylight 05:30-17:22"
"251","Sol 2004 (March 27, 2018), Sunny, high -8C/17F, low -74C/-101F, pressure at 7.16 hPa, daylight 05:31-17:23"
"252","Sol 2003 (March 26, 2018), Sunny, high -6C/21F, low -74C/-101F, pressure at 7.16 hPa, daylight 05:31-17:23"
"253","Sol 2002 (March 25, 2018), Sunny, high -10C/14F, low -75C/-103F, pressure at 11.67 hPa, daylight 05:31-17:23"
"254","Sol 1999 (March 22, 2018), Sunny, high -10C/14F, low -72C/-97F, pressure at 7.17 hPa, daylight 05:32-17:23"
"255","Sol 1998 (March 21, 2018), Sunny, high -5C/23F, low -72C/-97F, pressure at 7.16 hPa, daylight 05:32-17:23"
"256","Sol 1997 (March 19, 2018), Sunny, high -11C/12F, low -74C/-101F, pressure at 7.17 hPa, daylight 05:32-17:23"
"257","Sol 1994 (March 16, 2018), Sunny, high -6C/21F, low -75C/-103F, pressure at 7.18 hPa, daylight 05:33-17:23"
"258","Sol 1991 (March 13, 2018), Sunny, high -8C/17F, low -74C/-101F, pressure at 7.21 hPa, daylight 05:34-17:24"
"259","Sol 1990 (March 12, 2018), Sunny, high -6C/21F, low -74C/-101F, pressure at 7.20 hPa, daylight 05:34-17:24"
"260","Sol 1987 (March 09, 2018), Sunny, high -11C/12F, low -76C/-104F, pressure at 7.23 hPa, daylight 05:35-17:24"
"261","Sol 1985 (March 07, 2018), Sunny, high -6C/21F, low -77C/-106F, pressure at 7.23 hPa, daylight 05:35-17:24"
"262","Sol 1983 (March 05, 2018), Sunny, high -8C/17F, low -76C/-104F, pressure at 7.23 hPa, daylight 05:36-17:25"
"263","Sol 1982 (March 04, 2018), Sunny, high -7C/19F, low -77C/-106F, pressure at 7.24 hPa, daylight 05:36-17:25"
"264","Sol 1981 (March 03, 2018), Sunny, high -10C/14F, low -75C/-103F, pressure at 7.25 hPa, daylight 05:36-17:25"
"265","Sol 1978 (Feb 28, 2018), Sunny, high -14C/6F, low -78C/-108F, pressure at 7.27 hPa, daylight 05:37-17:25"
"266","Sol 1977 (Feb 27, 2018), Sunny, high -10C/14F, low -77C/-106F, pressure at 7.27 hPa, daylight 05:37-17:25"
"267","Sol 1976 (Feb 26, 2018), Sunny, high -10C/14F, low -77C/-106F, pressure at 7.28 hPa, daylight 05:37-17:25"
"268","Sol 1974 (Feb 24, 2018), Sunny, high -13C/8F, low -77C/-106F, pressure at 7.29 hPa, daylight 05:37-17:25"
"269","Sol 1970 (Feb 20, 2018), Sunny, high -16C/3F, low -77C/-106F, pressure at 7.32 hPa, daylight 05:38-17:26"
"270","Sol 1969 (Feb 19, 2018), Sunny, high -16C/3F, low -76C/-104F, pressure at 7.32 hPa, daylight 05:39-17:26"
"271","Sol 1967 (Feb 17, 2018), Sunny, high -15C/5F, low -76C/-104F, pressure at 7.34 hPa, daylight 05:39-17:26"
"272","Sol 1964 (Feb 14, 2018), Sunny, high -16C/3F, low -76C/-104F, pressure at 7.36 hPa, daylight 05:40-17:26"
"273","Sol 1963 (Feb 13, 2018), Sunny, high -14C/6F, low -77C/-106F, pressure at 7.37 hPa, daylight 05:40-17:27"
"274","Sol 1962 (Feb 12, 2018), Sunny, high -14C/6F, low -78C/-108F, pressure at 7.38 hPa, daylight 05:40-17:27"
"275","Sol 1961 (Feb 11, 2018), Sunny, high -21C/-5F, low -77C/-106F, pressure at 7.42 hPa, daylight 05:40-17:27"
"276","Sol 1958 (Feb 07, 2018), Sunny, high -14C/6F, low -77C/-106F, pressure at 7.41 hPa, daylight 05:41-17:27"
"277","Sol 1955 (Feb 04, 2018), Sunny, high -21C/-5F, low -77C/-106F, pressure at 7.45 hPa, daylight 05:41-17:27"
"278","Sol 1954 (Feb 03, 2018), Sunny, high -17C/1F, low -77C/-106F, pressure at 7.45 hPa, daylight 05:42-17:27"
"279","Sol 1951 (Jan 31, 2018), Sunny, high -23C/-9F, low -77C/-106F, pressure at 7.49 hPa, daylight 05:42-17:28"
"280","Sol 1949 (Jan 29, 2018), Sunny, high -20C/-4F, low -78C/-108F, pressure at 7.51 hPa, daylight 05:42-17:28"
"281","Sol 1946 (Jan 26, 2018), Sunny, high -20C/-4F, low -79C/-110F, pressure at 7.53 hPa, daylight 05:43-17:28"
"282","Sol 1945 (Jan 25, 2018), Sunny, high -22C/-7F, low -78C/-108F, pressure at 7.51 hPa, daylight 05:43-17:28"
"283","Sol 1942 (Jan 22, 2018), Sunny, high -27C/-16F, low -78C/-108F, pressure at 7.57 hPa, daylight 05:44-17:29"
"284","Sol 1941 (Jan 21, 2018), Sunny, high -20C/-4F, low -77C/-106F, pressure at 7.58 hPa, daylight 05:44-17:29"
"285","Sol 1937 (Jan 17, 2018), Sunny, high -22C/-7F, low -80C/-112F, pressure at 7.63 hPa, daylight 05:45-17:29"
"286","Sol 1935 (Jan 15, 2018), Sunny, high -21C/-5F, low -80C/-112F, pressure at 7.65 hPa, daylight 05:45-17:29"
"287","Sol 1934 (Jan 14, 2018), Sunny, high -21C/-5F, low -79C/-110F, pressure at 7.66 hPa, daylight 05:45-17:29"
"288","Sol 1930 (Jan 10, 2018), Sunny, high -24C/-11F, low -79C/-110F, pressure at 7.70 hPa, daylight 05:46-17:30"
"289","Sol 1929 (Jan 09, 2018), Sunny, high -26C/-14F, low -79C/-110F, pressure at 7.71 hPa, daylight 05:46-17:30"
"290","Sol 1927 (Jan 07, 2018), Sunny, high -24C/-11F, low -79C/-110F, pressure at 7.74 hPa, daylight 05:46-17:30"
"291","Sol 1924 (Jan 03, 2018), Sunny, high -21C/-5F, low -78C/-108F, pressure at 7.77 hPa, daylight 05:47-17:30"
"292","Sol 1895 (Dec 05, 2017), Sunny, high -29C/-20F, low -78C/-108F, pressure at 8.14 hPa, daylight 05:51-17:34"
"293","Sol 1922 (Jan 01, 2018), Sunny, high -24C/-11F, low -79C/-110F, pressure at 7.80 hPa, daylight 05:47-17:31"
"294","Sol 1917 (Dec 27, 2017), Sunny, high -19C/-2F, low -80C/-112F, pressure at 7.86 hPa, daylight 05:48-17:31"
"295","Sol 1910 (Dec 20, 2017), Sunny, high -23C/-9F, low -80C/-112F, pressure at 7.94 hPa, daylight 05:49-17:32"
"296","Sol 1909 (Dec 19, 2017), Sunny, high -27C/-16F, low -80C/-112F, pressure at 7.93 hPa, daylight 05:49-17:32"
"297","Sol 1906 (Dec 16, 2017), Sunny, high -23C/-9F, low -79C/-110F, pressure at 7.99 hPa, daylight 05:50-17:32"
"298","Sol 1904 (Dec 14, 2017), Sunny, high -27C/-16F, low -79C/-110F, pressure at 8.01 hPa, daylight 05:50-17:33"
"299","Sol 1901 (Dec 11, 2017), Sunny, high -28C/-18F, low -81C/-113F, pressure at 8.06 hPa, daylight 05:50-17:33"
"300","Sol 1899 (Dec 09, 2017), Sunny, high -23C/-9F, low -81C/-113F, pressure at 8.08 hPa, daylight 05:51-17:33"
"301","Sol 1896 (Dec 06, 2017), Sunny, high -23C/-9F, low -79C/-110F, pressure at 8.12 hPa, daylight 05:51-17:34"
"302","Sol 1894 (Dec 04, 2017), Sunny, high -28C/-18F, low -79C/-110F, pressure at 8.15 hPa, daylight 05:51-17:34"
"303","Sol 1892 (Dec 02, 2017), Sunny, high -29C/-20F, low -81C/-113F, pressure at 8.17 hPa, daylight 05:52-17:34"
"304","Sol 1889 (Nov 29, 2017), Sunny, high -28C/-18F, low -80C/-112F, pressure at 8.22 hPa, daylight 05:52-17:35"
"305","Sol 1887 (Nov 26, 2017), Sunny, high -26C/-14F, low -79C/-110F, pressure at 8.24 hPa, daylight 05:52-17:35"
"306","Sol 1880 (Nov 19, 2017), Sunny, high -30C/-22F, low -79C/-110F, pressure at 8.31 hPa, daylight 05:53-17:36"
"307","Sol 1879 (Nov 18, 2017), Sunny, high -31C/-23F, low -79C/-110F, pressure at 8.42 hPa, daylight 05:54-17:36"
"308","Sol 1876 (Nov 15, 2017), Sunny, high -29C/-20F, low -79C/-110F, pressure at 8.38 hPa, daylight 05:54-17:36"
"309","Sol 1874 (Nov 13, 2017), Sunny, high -29C/-20F, low -80C/-112F, pressure at 8.40 hPa, daylight 05:54-17:37"
"310","Sol 1871 (Nov 10, 2017), Sunny, high -30C/-22F, low -80C/-112F, pressure at 8.44 hPa, daylight 05:55-17:37"
"311","Sol 1870 (Nov 09, 2017), Sunny, high -29C/-20F, low -81C/-113F, pressure at 8.45 hPa, daylight 05:55-17:37"
"312","Sol 1868 (Nov 07, 2017), Sunny, high -24C/-11F, low -80C/-112F, pressure at 8.48 hPa, daylight 05:55-17:38"
"313","Sol 1867 (Nov 06, 2017), Sunny, high -24C/-11F, low -78C/-108F, pressure at 8.48 hPa, daylight 05:55-17:38"
"314","Sol 1865 (Nov 04, 2017), Sunny, high -31C/-23F, low -80C/-112F, pressure at 8.52 hPa, daylight 05:56-17:38"
"315","Sol 1862 (Nov 01, 2017), Sunny, high -30C/-22F, low -81C/-113F, pressure at 8.54 hPa, daylight 05:56-17:39"
"316","Sol 1858 (Oct 28, 2017), Sunny, high -28C/-18F, low -81C/-113F, pressure at 8.57 hPa, daylight 05:57-17:40"
"317","Sol 1856 (Oct 26, 2017), Sunny, high -28C/-18F, low -80C/-112F, pressure at 8.59 hPa, daylight 05:57-17:40"
"318","Sol 1853 (Oct 23, 2017), Sunny, high -32C/-25F, low -80C/-112F, pressure at 8.62 hPa, daylight 05:58-17:41"
"319","Sol 1852 (Oct 22, 2017), Sunny, high -31C/-23F, low -80C/-112F, pressure at 8.63 hPa, daylight 05:58-17:41"
"320","Sol 1848 (Oct 17, 2017), Sunny, high -28C/-18F, low -80C/-112F, pressure at 8.65 hPa, daylight 05:59-17:42"
"321","Sol 1847 (Oct 16, 2017), Sunny, high -30C/-22F, low -80C/-112F, pressure at 8.66 hPa, daylight 05:59-17:42"
"322","Sol 1844 (Oct 13, 2017), Sunny, high -28C/-18F, low -81C/-113F, pressure at 8.69 hPa, daylight 05:59-17:43"
"323","Sol 1841 (Oct 10, 2017), Sunny, high -32C/-25F, low -77C/-106F, pressure at 8.70 hPa, daylight 06:00-17:43"
"324","Sol 1840 (Oct 09, 2017), Sunny, high -29C/-20F, low -77C/-106F, pressure at 8.71 hPa, daylight 06:00-17:43"
"325","Sol 1838 (Oct 07, 2017), Sunny, high -27C/-16F, low -79C/-110F, pressure at 8.72 hPa, daylight 06:00-17:44"
"326","Sol 1835 (Oct 04, 2017), Sunny, high -31C/-23F, low -80C/-112F, pressure at 8.73 hPa, daylight 06:01-17:45"
"327","Sol 1833 (Oct 02, 2017), Sunny, high -30C/-22F, low -81C/-113F, pressure at 8.75 hPa, daylight 06:01-17:45"
"328","Sol 1832 (Oct 01, 2017), Sunny, high -30C/-22F, low -84C/-119F, pressure at 8.75 hPa, daylight 06:02-17:45"
"329","Sol 1831 (Sept 30, 2017), Sunny, high -26C/-14F, low -80C/-112F, pressure at 8.76 hPa, daylight 06:02-17:46"
"330","Sol 1828 (Sept 27, 2017), Sunny, high -27C/-16F, low -80C/-112F, pressure at 8.78 hPa, daylight 06:02-17:47"
"331","Sol 1826 (Sept 25, 2017), Sunny, high -26C/-14F, low -80C/-112F, pressure at 8.78 hPa, daylight 06:03-17:47"
"332","Sol 1827 (Sept 26, 2017), Sunny, high -28C/-18F, low -80C/-112F, pressure at 8.79 hPa, daylight 06:03-17:47"
"333","Sol 1825 (Sept 24, 2017), Sunny, high -27C/-16F, low -80C/-112F, pressure at 8.78 hPa, daylight 06:03-17:47"
"334","Sol 1822 (Sept 21, 2017), Sunny, high -27C/-16F, low -78C/-108F, pressure at 8.81 hPa, daylight 06:04-17:48"
"335","Sol 1820 (Sept 19, 2017), Sunny, high -29C/-20F, low -79C/-110F, pressure at 8.81 hPa, daylight 06:04-17:49"
"336","Sol 1819 (Sept 18, 2017), Sunny, high -28C/-18F, low -82C/-115F, pressure at 8.80 hPa, daylight 06:04-17:49"
"337","Sol 1818 (Sept 17, 2017), Sunny, high -25C/-13F, low -81C/-113F, pressure at 8.81 hPa, daylight 06:05-17:49"
"338","Sol 1814 (Sept 12, 2017), Sunny, high -26C/-14F, low -80C/-112F, pressure at 8.81 hPa, daylight 06:05-17:51"
"339","Sol 1813 (Sept 11, 2017), Sunny, high -27C/-16F, low -80C/-112F, pressure at 8.81 hPa, daylight 06:06-17:51"
"340","Sol 1811 (Sept 09, 2017), Sunny, high -25C/-13F, low -79C/-110F, pressure at 8.82 hPa, daylight 06:06-17:51"
"341","Sol 1808 (Sept 06, 2017), Sunny, high -26C/-14F, low -79C/-110F, pressure at 8.84 hPa, daylight 06:07-17:52"
"342","Sol 1806 (Sept 04, 2017), Sunny, high -25C/-13F, low -80C/-112F, pressure at 8.84 hPa, daylight 06:07-17:53"
"343","Sol 1801 (Aug 30, 2017), Sunny, high -21C/-5F, low -80C/-112F, pressure at 8.82 hPa, daylight 06:09-17:55"
"344","Sol 1800 (Aug 29, 2017), Sunny, high -24C/-11F, low -80C/-112F, pressure at 8.81 hPa, daylight 06:09-17:55"
"345","Sol 1799 (Aug 28, 2017), Sunny, high -24C/-11F, low -78C/-108F, pressure at 8.83 hPa, daylight 06:09-17:55"
"346","Sol 1798 (Aug 27, 2017), Sunny, high -25C/-13F, low -79C/-110F, pressure at 8.83 hPa, daylight 06:09-17:56"
"347","Sol 1797 (Aug 26, 2017), Sunny, high -27C/-16F, low -79C/-110F, pressure at 8.84 hPa, daylight 06:10-17:56"
"348","Sol 1794 (Aug 23, 2017), Sunny, high -25C/-13F, low -80C/-112F, pressure at 8.83 hPa, daylight 06:10-17:57"
"349","Sol 1793 (Aug 22, 2017), Sunny, high -22C/-7F, low -80C/-112F, pressure at 8.83 hPa, daylight 06:11-17:57"
"350","Sol 1792 (Aug 21, 2017), Sunny, high -27C/-16F, low -80C/-112F, pressure at 8.83 hPa, daylight 06:11-17:58"
"351","Sol 1791 (Aug 20, 2017), Sunny, high -23C/-9F, low -79C/-110F, pressure at 8.82 hPa, daylight 06:11-17:58"
"352","Sol 1790 (Aug 19, 2017), Sunny, high -22C/-7F, low -81C/-113F, pressure at 8.82 hPa, daylight 06:11-17:59"
"353","Sol 1787 (Aug 16, 2017), Sunny, high -26C/-14F, low -79C/-110F, pressure at 8.81 hPa, daylight 06:12-18:00"
"354","Sol 1786 (Aug 15, 2017), Sunny, high -23C/-9F, low -80C/-112F, pressure at 8.81 hPa, daylight 06:13-18:00"
"355","Sol 1785 (Aug 14, 2017), Sunny, high -20C/-4F, low -77C/-106F, pressure at 8.81 hPa, daylight 06:13-18:00"
"356","Sol 1784 (Aug 13, 2017), Sunny, high -22C/-7F, low -80C/-112F, pressure at 12.94 hPa, daylight 06:13-18:01"
"357","Sol 1781 (Aug 10, 2017), Sunny, high -22C/-7F, low -78C/-108F, pressure at 8.79 hPa, daylight 06:14-18:02"
"358","Sol 1779 (Aug 07, 2017), Sunny, high -23C/-9F, low -78C/-108F, pressure at 8.78 hPa, daylight 06:14-18:03"
"359","Sol 1778 (Aug 06, 2017), Sunny, high -23C/-9F, low -81C/-113F, pressure at 8.77 hPa, daylight 06:15-18:03"
"360","Sol 1777 (Aug 05, 2017), Sunny, high -22C/-7F, low -79C/-110F, pressure at 8.77 hPa, daylight 06:15-18:03"
"361","Sol 1774 (Aug 02, 2017), Sunny, high -18C/0F, low -79C/-110F, pressure at 8.77 hPa, daylight 06:16-18:05"
"362","Sol 1773 (Aug 01, 2017), Sunny, high -22C/-7F, low -78C/-108F, pressure at 8.76 hPa, daylight 06:16-18:05"
"363","Sol 1740 (June 28, 2017), Sunny, high -21C/-5F, low -78C/-108F, pressure at 8.61 hPa, daylight 06:26-18:19"
"364","Sol 1760 (July 19, 2017), Sunny, high -18C/0F, low -78C/-108F, pressure at 8.72 hPa, daylight 06:20-18:10"
"365","Sol 1759 (July 18, 2017), Sunny, high -20C/-4F, low -77C/-106F, pressure at 8.71 hPa, daylight 06:20-18:11"
"366","Sol 1758 (July 17, 2017), Sunny, high -20C/-4F, low -78C/-108F, pressure at 8.71 hPa, daylight 06:21-18:11"
"367","Sol 1757 (July 16, 2017), Sunny, high -21C/-5F, low -78C/-108F, pressure at 8.71 hPa, daylight 06:21-18:12"
"368","Sol 1756 (July 15, 2017), Sunny, high -23C/-9F, low -78C/-108F, pressure at 8.71 hPa, daylight 06:21-18:12"
"369","Sol 1754 (July 13, 2017), Sunny, high -20C/-4F, low -78C/-108F, pressure at 8.70 hPa, daylight 06:22-18:13"
"370","Sol 1752 (July 11, 2017), Sunny, high -16C/3F, low -80C/-112F, pressure at 8.67 hPa, daylight 06:22-18:14"
"371","Sol 1751 (July 10, 2017), Sunny, high -23C/-9F, low -78C/-108F, pressure at 8.67 hPa, daylight 06:23-18:14"
"372","Sol 1750 (July 09, 2017), Sunny, high -17C/1F, low -77C/-106F, pressure at 8.67 hPa, daylight 06:23-18:15"
"373","Sol 1747 (July 06, 2017), Sunny, high -16C/3F, low -79C/-110F, pressure at 8.66 hPa, daylight 06:24-18:16"
"374","Sol 1745 (July 04, 2017), Sunny, high -19C/-2F, low -78C/-108F, pressure at 8.65 hPa, daylight 06:25-18:17"
"375","Sol 1743 (July 02, 2017), Sunny, high -21C/-5F, low -78C/-108F, pressure at 8.63 hPa, daylight 06:25-18:18"
"376","Sol 1739 (June 27, 2017), Sunny, high -22C/-7F, low -77C/-106F, pressure at 8.61 hPa, daylight 06:26-18:19"
"377","Sol 1738 (June 26, 2017), Sunny, high -22C/-7F, low -78C/-108F, pressure at 8.61 hPa, daylight 06:27-18:20"
"378","Sol 1737 (June 25, 2017), Sunny, high -19C/-2F, low -78C/-108F, pressure at 8.61 hPa, daylight 06:27-18:20"
"379","Sol 1736 (June 24, 2017), Sunny, high -16C/3F, low -77C/-106F, pressure at 8.60 hPa, daylight 06:27-18:21"
"380","Sol 1733 (June 21, 2017), Sunny, high -21C/-5F, low -77C/-106F, pressure at 8.59 hPa, daylight 06:28-18:22"
"381","Sol 1731 (June 19, 2017), Sunny, high -24C/-11F, low -78C/-108F, pressure at 8.57 hPa, daylight 06:29-18:23"
"382","Sol 1729 (June 17, 2017), Sunny, high -19C/-2F, low -76C/-104F, pressure at 8.58 hPa, daylight 06:29-18:24"
"383","Sol 1726 (June 14, 2017), Sunny, high -17C/1F, low -76C/-104F, pressure at 8.55 hPa, daylight 06:30-18:25"
"384","Sol 1725 (June 13, 2017), Sunny, high -18C/0F, low -79C/-110F, pressure at 8.57 hPa, daylight 06:31-18:25"
"385","Sol 1723 (June 11, 2017), Sunny, high -16C/3F, low -76C/-104F, pressure at 8.54 hPa, daylight 06:31-18:26"
"386","Sol 1722 (June 10, 2017), Sunny, high -13C/8F, low -77C/-106F, pressure at 8.54 hPa, daylight 06:32-18:27"
"387","Sol 1720 (June 08, 2017), Sunny, high -17C/1F, low -76C/-104F, pressure at 8.53 hPa, daylight 06:32-18:27"
"388","Sol 1718 (June 06, 2017), Sunny, high -16C/3F, low -77C/-106F, pressure at 8.52 hPa, daylight 06:33-18:28"
"389","Sol 1717 (June 05, 2017), Sunny, high -12C/10F, low -76C/-104F, pressure at 8.51 hPa, daylight 06:33-18:29"
"390","Sol 1716 (June 04, 2017), Sunny, high -10C/14F, low -76C/-104F, pressure at 8.50 hPa, daylight 06:33-18:29"
"391","Sol 1712 (May 31, 2017), Sunny, high -11C/12F, low -77C/-106F, pressure at 8.49 hPa, daylight 06:34-18:31"
"392","Sol 1710 (May 29, 2017), Sunny, high -12C/10F, low -76C/-104F, pressure at 8.48 hPa, daylight 06:35-18:32"
"393","Sol 1708 (May 27, 2017), Sunny, high -13C/8F, low -76C/-104F, pressure at 8.46 hPa, daylight 06:36-18:32"
"394","Sol 1706 (May 24, 2017), Sunny, high -17C/1F, low -77C/-106F, pressure at 8.45 hPa, daylight 06:36-18:33"
"395","Sol 1703 (May 21, 2017), Sunny, high -12C/10F, low -68C/-90F, pressure at 8.30 hPa, daylight 06:37-18:35"
"396","Sol 1702 (May 20, 2017), Sunny, high -12C/10F, low -75C/-103F, pressure at 8.42 hPa, daylight 06:37-18:35"
"397","Sol 1699 (May 17, 2017), Sunny, high -12C/10F, low -76C/-104F, pressure at 8.43 hPa, daylight 06:38-18:36"
"398","Sol 1697 (May 15, 2017), Sunny, high -15C/5F, low -77C/-106F, pressure at 8.41 hPa, daylight 06:39-18:37"
"399","Sol 1696 (May 14, 2017), Sunny, high -17C/1F, low -75C/-103F, pressure at 8.41 hPa, daylight 06:39-18:37"
"400","Sol 1695 (May 13, 2017), Sunny, high -13C/8F, low -77C/-106F, pressure at 8.40 hPa, daylight 06:39-18:38"
"401","Sol 1689 (May 07, 2017), Sunny, high -10C/14F, low -75C/-103F, pressure at 8.40 hPa, daylight 06:40-18:40"
"402","Sol 1690 (May 08, 2017), Sunny, high -14C/6F, low -76C/-104F, pressure at 8.40 hPa, daylight 06:40-18:40"
"403","Sol 1688 (May 06, 2017), Sunny, high -13C/8F, low -76C/-104F, pressure at 8.40 hPa, daylight 06:41-18:40"
"404","Sol 1685 (May 03, 2017), Sunny, high -14C/6F, low -77C/-106F, pressure at 8.38 hPa, daylight 06:41-18:41"
"405","Sol 1684 (May 02, 2017), Sunny, high -14C/6F, low -75C/-103F, pressure at 8.37 hPa, daylight 06:42-18:42"
"406","Sol 1683 (May 01, 2017), Sunny, high -15C/5F, low -75C/-103F, pressure at 8.37 hPa, daylight 06:42-18:42"
"407","Sol 1679 (April 27, 2017), Sunny, high -12C/10F, low -75C/-103F, pressure at 8.36 hPa, daylight 06:43-18:44"
"408","Sol 1677 (April 25, 2017), Sunny, high -8C/17F, low -74C/-101F, pressure at 8.35 hPa, daylight 06:43-18:44"
"409","Sol 1676 (April 24, 2017), Sunny, high -11C/12F, low -76C/-104F, pressure at 8.37 hPa, daylight 06:43-18:45"
"410","Sol 1675 (April 23, 2017), Sunny, high -6C/21F, low -75C/-103F, pressure at 8.35 hPa, daylight 06:43-18:45"
"411","Sol 1672 (April 20, 2017), Sunny, high -5C/23F, low -74C/-101F, pressure at 8.33 hPa, daylight 06:44-18:46"
"412","Sol 1671 (April 19, 2017), Sunny, high -7C/19F, low -76C/-104F, pressure at 8.32 hPa, daylight 06:44-18:46"
"413","Sol 1661 (April 08, 2017), Sunny, high -5C/23F, low -75C/-103F, pressure at 8.31 hPa, daylight 06:45-18:49"
"414","Sol 1658 (April 05, 2017), Sunny, high -8C/17F, low -77C/-106F, pressure at 8.35 hPa, daylight 06:46-18:50"
"415","Sol 1650 (March 28, 2017): Sunny, high -8C/17F, low -75C/-103F, pressure  at 8.33 hPa, daylight 06:46-18:52"
"416","Sol 1647 (March 25, 2017): Sunny, high -3C/26F, low -73C/-99F, pressure  at 8.31 hPa, daylight 06:47-18:52"
"417","Sol 1644 (March 22, 2017): Sunny, high -10C/14F, low -74C/-101F, pressure  at 8.32 hPa, daylight 06:47-18:53"
"418","Sol 1640 (March 18, 2017): Sunny, high -8C/17F, low -72C/-97F, pressure  at 8.32 hPa, daylight 06:47-18:54"
"419","Sol 1641 (March 19, 2017): Sunny, high -6C/21F, low -72C/-97F, pressure  at 8.31 hPa, daylight 06:47-18:53"
"420","Sol 1637 (March 15, 2017): Sunny, high -10C/14F, low -73C/-99F, pressure  at 8.33 hPa, daylight 06:47-18:54"
"421","Sol 1636 (March 14, 2017): Sunny, high -14C/6F, low -72C/-97F, pressure  at 8.34 hPa, daylight 06:47-18:54"
"422","Sol 1635 (March 13, 2017): Sunny, high -7C/19F, low -73C/-99F, pressure  at 8.33 hPa, daylight 06:47-18:54"
"423","Sol 1634 (March 12, 2017): Sunny, high -5C/23F, low -72C/-97F, pressure  at 8.34 hPa, daylight 06:47-18:54"
"424","Sol 1631 (March 08, 2017): Sunny, high -6C/21F, low -77C/-106F, pressure  at 8.37 hPa, daylight 06:46-18:55"
"425","Sol 1629 (March 06, 2017): Sunny, high -8C/17F, low -74C/-101F, pressure  at 8.37 hPa, daylight 06:46-18:55"
"426","Sol 1627 (March 04, 2017): Sunny, high -9C/15F, low -72C/-97F, pressure  at 8.38 hPa, daylight 06:46-18:55"
"427","Sol 1624 (March 01, 2017): Sunny, high -8C/17F, low -72C/-97F, pressure  at 8.36 hPa, daylight 06:46-18:55"
"428","Sol 1621 (Feb 26, 2017): Sunny, high -13C/8F, low -73C/-99F, pressure  at 8.42 hPa, daylight 06:45-18:55"
"429","Sol 1620 (Feb 25, 2017): Sunny, high -9C/15F, low -70C/-94F, pressure  at 8.44 hPa, daylight 06:45-18:55"
"430","Sol 1617 (Feb 22, 2017): Sunny, high -8C/17F, low -72C/-97F, pressure  at 8.4 hPa, daylight 06:45-18:55"
"431","Sol 1616 (Feb 21, 2017): Sunny, high -8C/17F, low -73C/-99F, pressure  at 8.48 hPa, daylight 06:45-18:55"
"432","Sol 1614 (Feb 19, 2017): Sunny, high -8C/17F, low -73C/-99F, pressure  at 8.37 hPa, daylight 06:44-18:55"
"433","Sol 1610 (Feb 15, 2017): Sunny, high -49C/-56F, low -75C/-103F, pressure  at 8.64 hPa, daylight 06:43-18:55"
"434","Sol 1609 (Feb 14, 2017): Sunny, high -7C/19F, low -71C/-95F, pressure  at 8.47 hPa, daylight 06:43-18:54"
"435","Sol 1608 (Feb 13, 2017): Sunny, high -8C/17F, low -72C/-97F, pressure  at 8.47 hPa, daylight 06:43-18:54"
"436","Sol 1606 (Feb 11, 2017): Sunny, high -10C/14F, low -75C/-103F, pressure  at 8.5 hPa, daylight 06:42-18:54"
"437","Sol 1604 (Feb 09, 2017): Sunny, high -11C/12F, low -77C/-106F, pressure  at 8.5 hPa, daylight 06:42-18:54"
"438","Sol 1603 (Feb 08, 2017): Sunny, high -5C/23F, low -76C/-104F, pressure  at 8.47 hPa, daylight 06:42-18:54"
"439","Sol 1602 (Feb 07, 2017): Sunny, high -5C/23F, low -77C/-106F, pressure  at 8.52 hPa, daylight 06:41-18:54"
"440","Sol 1600 (Feb 05, 2017): Sunny, high -7C/19F, low -71C/-95F, pressure  at 8.5 hPa, daylight 06:41-18:53"
"441","Sol 1599 (Feb 04, 2017): Sunny, high -7C/19F, low -72C/-97F, pressure  at 8.53 hPa, daylight 06:40-18:53"
"442","Sol 1597 (Feb 01, 2017): Sunny, high -8C/17F, low -73C/-99F, pressure  at 8.55 hPa, daylight 06:40-18:53"
"443","Sol 1595 (Jan 30, 2017): Sunny, high -7C/19F, low -71C/-95F, pressure  at 8.55 hPa, daylight 06:39-18:52"
"444","Sol 1593 (Jan 28, 2017): Sunny, high -1C/30F, low -72C/-97F, pressure  at 8.52 hPa, daylight 06:38-18:52"
"445","Sol 1590 (Jan 25, 2017): Sunny, high -1C/30F, low -76C/-104F, pressure  at 8.64 hPa, daylight 06:37-18:51"
"446","Sol 1588 (Jan 23, 2017): Sunny, high 0C/32F, low -72C/-97F, pressure  at 8.58 hPa, daylight 06:36-18:50"
"447","Sol 1586 (Jan 21, 2017): Sunny, high -1C/30F, low -72C/-97F, pressure  at 8.58 hPa, daylight 06:35-18:50"
"448","Sol 1583 (Jan 18, 2017): Sunny, high -4C/24F, low -75C/-103F, pressure  at 8.62 hPa, daylight 06:34-18:49"
"449","Sol 1581 (Jan 16, 2017): Sunny, high -1C/30F, low -72C/-97F, pressure  at 8.62 hPa, daylight 06:33-18:48"
"450","Sol 1580 (Jan 15, 2017): Sunny, high -2C/28F, low -72C/-97F, pressure  at 8.67 hPa, daylight 06:33-18:48"
"451","Sol 1576 (Jan 11, 2017): Sunny, high -1C/30F, low -72C/-97F, pressure  at 8.69 hPa, daylight 06:31-18:46"
"452","Sol 1576 (Jan 11, 2017), Sunny, high -1C/30F, low -72C/-97F, pressure at 8.69 hPa, daylight 06:31-18:46"
"453","Sol 1575 (Jan 10, 2017): Sunny, high 0C/32F, low -58C/-72F, pressure  at 8.6 hPa, daylight 06:30-18:46"
"454","('Sol 1573 (Jan 08, 2017), Sunny, high -2C/28F, low -74C/-101F, pressure at 8.72 hPa, daylight 06:29-18:45', '1573')"
"455","Sol 1573 (Jan 08, 2017), Sunny, high -2C/28F, low -74C/-101F, pressure at 8.72 hPa, daylight 06:29-18:45"
"456","Sol 1572 (Jan 07, 2017), Sunny, high -6C/21F, low -81C/-113F, pressure at 8.69 hPa, daylight 06:29-18:44"
"457","Sol 1568 (Jan 03, 2017): Sunny, high -5C/23F, low -71C/-95F, pressure  at 8.76 hPa, daylight 06:26-18:43"
"458","Sol 1567 (Jan 02, 2017): Sunny, high -5C/23F, low -70C/-94F, pressure  at 8.7 hPa, daylight 06:26-18:42"
"459","Sol 1565 (Dec 31, 2016): Sunny, high -6C/21F, low -72C/-97F, pressure  at 8.74 hPa, daylight 06:25-18:41"
"460","Sol 1558 (Dec 23, 2016): Sunny, high -6C/21F, low -72C/-97F, pressure  at 8.8 hPa, daylight 06:20-18:37"
"461","Sol 1554 (Dec 19, 2016): Sunny, high -19C/-2F, low -70C/-94F, pressure  at 8.94 hPa, daylight 06:18-18:35"
"462","Sol 1552 (Dec 17, 2016): Sunny, high -6C/21F, low -74C/-101F, pressure  at 8.86 hPa, daylight 06:16-18:34"
"463","Sol 1549 (Dec 14, 2016): Sunny, high -2C/28F, low -76C/-104F, pressure  at 8.87 hPa, daylight 06:14-18:32"
"464","Sol 1547 (Dec 12, 2016): Sunny, high -8C/17F, low -75C/-103F, pressure  at 8.87 hPa, daylight 06:13-18:31"
"465","Sol 1545 (Dec 10, 2016): Sunny, high 3C/37F, low -73C/-99F, pressure  at 8.91 hPa, daylight 06:12-18:29"
"466","Sol 1542 (Dec 07, 2016): Sunny, high -9C/15F, low -73C/-99F, pressure  at 8.95 hPa, daylight 06:10-18:27"
"467","Sol 1541 (Dec 06, 2016): Sunny, high -8C/17F, low -76C/-104F, pressure  at 8.95 hPa, daylight 06:09-18:27"
"468","Sol 1540 (Dec 05, 2016): Sunny, high -3C/26F, low -72C/-97F, pressure  at 8.96 hPa, daylight 06:08-18:26"
"469","Sol 1539 (Dec 04, 2016): Sunny, high -1C/30F, low -74C/-101F, pressure  at 8.96 hPa, daylight 06:08-18:25"
"470","Sol 1538 (Dec 03, 2016): Sunny, high -3C/26F, low -73C/-99F, pressure  at 8.98 hPa, daylight 06:07-18:25"
"471","Sol 1536 (Dec 01, 2016): Sunny, high -4C/24F, low -71C/-95F, pressure  at 9.01 hPa, daylight 06:06-18:23"
"472","Sol 1535 (Nov 30, 2016): Sunny, high -1C/30F, low -73C/-99F, pressure  at 9 hPa, daylight 06:05-18:23"
"473","Sol 1533 (Nov 28, 2016): Sunny, high -4C/24F, low -72C/-97F, pressure  at 8.96 hPa, daylight 06:03-18:21"
"474","Sol 1532 (Nov 27, 2016): Sunny, high -3C/26F, low -72C/-97F, pressure  at 9 hPa, daylight 06:03-18:21"
"475","Sol 1526 (Nov 21, 2016): Sunny, high -2C/28F, low -72C/-97F, pressure  at 9 hPa, daylight 05:58-18:16"
"476","Sol 1525 (Nov 20, 2016): Sunny, high -2C/28F, low -74C/-101F, pressure  at 9.02 hPa, daylight 05:58-18:16"
"477","Sol 1522 (Nov 16, 2016): Sunny, high -2C/28F, low -71C/-95F, pressure  at 9.05 hPa, daylight 05:56-18:13"
"478","Sol 1520 (Nov 14, 2016): Sunny, high -2C/28F, low -73C/-99F, pressure  at 9.05 hPa, daylight 05:54-18:12"
"479","Sol 1518 (Nov 12, 2016): Sunny, high -8C/17F, low -78C/-108F, pressure  at 9.09 hPa, daylight 05:53-18:10"
"480","Sol 1515 (Nov 09, 2016): Sunny, high 3C/37F, low -76C/-104F, pressure  at 9.06 hPa, daylight 05:51-18:08"
"481","Sol 1514 (Nov 08, 2016): Sunny, high 0C/32F, low -73C/-99F, pressure  at 9.06 hPa, daylight 05:50-18:08"
"482","Sol 1511 (Nov 05, 2016): Sunny, high 0C/32F, low -77C/-106F, pressure  at 9.08 hPa, daylight 05:48-18:05"
"483","Sol 1508 (Nov 02, 2016): Sunny, high -2C/28F, low -70C/-94F, pressure  at 9.07 hPa, daylight 05:46-18:03"
"484","Sol 1507 (Nov 01, 2016): Sunny, high -3C/26F, low -70C/-94F, pressure  at 9.07 hPa, daylight 05:46-18:03"
"485","Sol 1506 (Oct 31, 2016): Sunny, high -1C/30F, low -71C/-95F, pressure  at 9.07 hPa, daylight 05:45-18:02"
"486","Sol 1505 (Oct 30, 2016): Sunny, high 2C/35F, low -69C/-92F, pressure  at 9.06 hPa, daylight 05:44-18:01"
"487","Sol 1504 (Oct 29, 2016): Sunny, high -1C/30F, low -69C/-92F, pressure  at 9.1 hPa, daylight 05:44-18:00"
"488","Sol 1501 (Oct 26, 2016): Sunny, high 3C/37F, low -69C/-92F, pressure  at 9.03 hPa, daylight 05:42-17:58"
"489","Sol 1502 (Oct 27, 2016): Sunny, high -58C/-72F, low -63C/-81F, pressure  at 9.28 hPa, daylight 05:42-17:59"
"490","Sol 1499 (Oct 24, 2016): Sunny, high -2C/28F, low -69C/-92F, pressure  at 9.03 hPa, daylight 05:41-17:57"
"491","Sol 1498 (Oct 23, 2016): Sunny, high -33C/-27F, low -56C/-68F, pressure  at 8.97 hPa, daylight 05:40-17:56"
"492","Sol 1497 (Oct 22, 2016): Sunny, high -5C/23F, low -68C/-90F, pressure  at 9.09 hPa, daylight 05:39-17:56"
"493","Sol 1494 (Oct 19, 2016): Sunny, high -8C/17F, low -70C/-94F, pressure  at 9.04 hPa, daylight 05:38-17:54"
"494","Sol 1493 (Oct 18, 2016): Sunny, high -11C/12F, low -70C/-94F, pressure  at 9.05 hPa, daylight 05:37-17:53"
"495","Sol 1491 (Oct 16, 2016): Sunny, high -8C/17F, low -69C/-92F, pressure  at 9.06 hPa, daylight 05:36-17:52"
"496","Sol 1487 (Oct 11, 2016): Sunny, high -5C/23F, low -68C/-90F, pressure  at 9.01 hPa, daylight 05:34-17:49"
"497","Sol 1486 (Oct 10, 2016): Sunny, high -1C/30F, low -71C/-95F, pressure  at 9.01 hPa, daylight 05:33-17:48"
"498","Sol 1484 (Oct 08, 2016): Sunny, high 4C/39F, low -68C/-90F, pressure  at 8.95 hPa, daylight 05:32-17:47"
"499","Sol 1481 (Oct 05, 2016): Sunny, high 1C/33F, low -70C/-94F, pressure  at 8.93 hPa, daylight 05:31-17:45"
"500","Sol 1479 (Oct 03, 2016): Sunny, high 3C/37F, low -66C/-86F, pressure  at 8.9 hPa, daylight 05:30-17:44"
"501","Sol 1477 (Oct 01, 2016): Sunny, high 0C/32F, low -72C/-97F, pressure  at 8.88 hPa, daylight 05:29-17:43"
"502","Sol 1474 (Sep 28, 2016): Sunny, high 2C/35F, low -68C/-90F, pressure  at 8.89 hPa, daylight 05:28-17:41"
"503","Sol 1471 (Sep 25, 2016): Sunny, high 4C/39F, low -71C/-95F, pressure  at 8.8 hPa, daylight 05:27-17:40"
"504","Sol 1472 (Sep 26, 2016): Sunny, high 5C/41F, low -68C/-90F, pressure  at 8.79 hPa, daylight 05:27-17:40"
"505","Sol 1469 (Sep 23, 2016): Sunny, high 1C/33F, low -72C/-97F, pressure  at 8.81 hPa, daylight 05:26-17:39"
"506","Sol 1467 (Sep 21, 2016): Sunny, high -4C/24F, low -69C/-92F, pressure  at 8.77 hPa, daylight 05:25-17:38"
"507","Sol 1466 (Sep 20, 2016): Sunny, high -6C/21F, low -67C/-88F, pressure  at 8.73 hPa, daylight 05:25-17:37"
"508","Sol 1465 (Sep 19, 2016): Sunny, high -3C/26F, low -68C/-90F, pressure  at 8.7 hPa, daylight 05:25-17:37"
"509","Sol 1463 (Sep 17, 2016): Sunny, high -1C/30F, low -68C/-90F, pressure  at 8.71 hPa, daylight 05:24-17:36"
"510","Sol 1460 (Sep 14, 2016): Sunny, high -4C/24F, low -70C/-94F, pressure  at 8.65 hPa, daylight 05:23-17:34"
"511","Sol 1459 (Sep 13, 2016): Sunny, high -2C/28F, low -71C/-95F, pressure  at 8.61 hPa, daylight 05:23-17:34"
"512","Sol 1458 (Sep 12, 2016): Sunny, high -1C/30F, low -69C/-92F, pressure  at 8.59 hPa, daylight 05:23-17:34"
"513","Sol 1457 (Sep 11, 2016): Sunny, high -5C/23F, low -69C/-92F, pressure  at 8.6 hPa, daylight 05:22-17:33"
"514","Sol 1454 (Sep 08, 2016): Sunny, high 3C/37F, low -69C/-92F, pressure  at 8.54 hPa, daylight 05:21-17:32"
"515","Sol 1453 (Sep 07, 2016): Sunny, high 5C/41F, low -73C/-99F, pressure  at 8.5 hPa, daylight 05:21-17:32"
"516","Sol 1451 (Sep 04, 2016): Sunny, high 5C/41F, low -71C/-95F, pressure  at 8.42 hPa, daylight 05:21-17:31"
"517","Sol 1450 (Sep 03, 2016): Sunny, high 5C/41F, low -69C/-92F, pressure  at 8.42 hPa, daylight 05:21-17:30"
"518","Sol 1447 (Aug 31, 2016): Sunny, high 4C/39F, low -74C/-101F, pressure  at 8.41 hPa, daylight 05:20-17:29"
"519","Sol 1445 (Aug 29, 2016): Sunny, high 1C/33F, low -69C/-92F, pressure  at 8.36 hPa, daylight 05:20-17:29"
"520","Sol 1443 (Aug 27, 2016): Sunny, high 7C/44F, low -69C/-92F, pressure  at 8.31 hPa, daylight 05:19-17:28"
"521","Sol 1440 (Aug 24, 2016): Sunny, high 4C/39F, low -70C/-94F, pressure  at 8.28 hPa, daylight 05:19-17:27"
"522","Sol 1438 (Aug 22, 2016): Sunny, high 11C/51F, low -68C/-90F, pressure  at 8.23 hPa, daylight 05:19-17:26"
"523","Sol 1437 (Aug 21, 2016): Sunny, high 7C/44F, low -71C/-95F, pressure  at 8.21 hPa, daylight 05:19-17:26"
"524","Sol 1432 (Aug 16, 2016): Sunny, high 7C/44F, low -71C/-95F, pressure  at 8.13 hPa, daylight 05:18-17:25"
"525","Sol 1431 (Aug 15, 2016): Sunny, high 7C/44F, low -69C/-92F, pressure  at 8.11 hPa, daylight 05:18-17:25"
"526","Sol 1429 (Aug 13, 2016): Sunny, high 4C/39F, low -70C/-94F, pressure  at 8.1 hPa, daylight 05:18-17:24"
"527","Sol 1427 (Aug 11, 2016): Sunny, high 8C/46F, low -72C/-97F, pressure  at 8.07 hPa, daylight 05:18-17:24"
"528","Sol 1425 (Aug 09, 2016): Sunny, high -8C/17F, low -72C/-97F, pressure  at 8.04 hPa, daylight 05:18-17:23"
"529","Sol 1422 (Aug 06, 2016): Sunny, high -9C/15F, low -72C/-97F, pressure  at 7.98 hPa, daylight 05:18-17:23"
"530","Sol 1424 (Aug 08, 2016): Sunny, high -8C/17F, low -72C/-97F, pressure  at 8.03 hPa, daylight 05:18-17:23"
"531","Sol 1423 (Aug 07, 2016): Sunny, high -9C/15F, low -71C/-95F, pressure  at 8 hPa, daylight 05:18-17:23"
"532","Sol 1420 (Aug 04, 2016): Sunny, high -8C/17F, low -71C/-95F, pressure  at 7.93 hPa, daylight 05:18-17:22"
"533","Sol 1419 (Aug 03, 2016): Sunny, high -7C/19F, low -73C/-99F, pressure  at 7.93 hPa, daylight 05:18-17:22"
"534","Sol 1418 (Aug 02, 2016): Sunny, high -9C/15F, low -73C/-99F, pressure  at 7.93 hPa, daylight 05:18-17:22"
"535","Sol 1417 (Aug 01, 2016): Sunny, high -8C/17F, low -70C/-94F, pressure  at 7.91 hPa, daylight 05:18-17:22"
"536","Sol 1416 (July 31, 2016): Sunny, high 5C/41F, low -72C/-97F, pressure  at 7.91 hPa, daylight 05:18-17:22"
"537","Sol 1413 (July 27, 2016): Sunny, high 5C/41F, low -72C/-97F, pressure  at 7.84 hPa, daylight 05:18-17:21"
"538","Sol 1410 (July 24, 2016): Sunny, high 7C/44F, low -72C/-97F, pressure  at 7.82 hPa, daylight 05:18-17:21"
"539","Sol 1409 (July 23, 2016): Sunny, high -9C/15F, low -74C/-101F, pressure  at 7.81 hPa, daylight 05:18-17:21"
"540","Sol 1405 (July 19, 2016): Sunny, high -2C/28F, low -75C/-103F, pressure  at 7.75 hPa, daylight 05:18-17:21"
"541","Sol 1403 (July 17, 2016): Sunny, high -9C/15F, low -75C/-103F, pressure  at 7.71 hPa, daylight 05:18-17:20"
"542","Sol 1404 (July 18, 2016): Sunny, high -10C/14F, low -75C/-103F, pressure  at 7.74 hPa, daylight 05:18-17:21"
"543","Sol 1402 (July 16, 2016): Sunny, high -11C/12F, low -75C/-103F, pressure  at 7.71 hPa, daylight 05:18-17:20"
"544","Sol 1399 (July 13, 2016): Sunny, high 1C/33F, low -73C/-99F, pressure  at 7.7 hPa, daylight 05:19-17:20"
"545","Sol 1398 (July 12, 2016): Sunny, high 3C/37F, low -66C/-86F, pressure  at 7.51 hPa, daylight 05:19-17:20"
"546","Sol 1388 (July 02, 2016): Sunny, high 4C/39F, low -73C/-99F, pressure  at 7.56 hPa, daylight 05:20-17:20"
"547","Sol 1387 (July 01, 2016): Sunny, high 2C/35F, low -74C/-101F, pressure  at 7.55 hPa, daylight 05:20-17:20"
"548","Sol 1386 (June 30, 2016): Sunny, high -1C/30F, low -74C/-101F, pressure  at 7.55 hPa, daylight 05:20-17:20"
"549","Sol 1384 (June 28, 2016): Sunny, high 2C/35F, low -74C/-101F, pressure  at 7.53 hPa, daylight 05:21-17:20"
"550","Sol 1383 (June 27, 2016): Sunny, high 3C/37F, low -73C/-99F, pressure  at 7.52 hPa, daylight 05:21-17:20"
"551","Sol 1382 (June 26, 2016): Sunny, high -4C/24F, low -76C/-104F, pressure  at 7.52 hPa, daylight 05:21-17:20"
"552","Sol 1379 (June 23, 2016): Sunny, high -7C/19F, low -77C/-106F, pressure  at 7.51 hPa, daylight 05:22-17:20"
"553","Sol 1377 (June 20, 2016): Sunny, high 1C/33F, low -76C/-104F, pressure  at 7.49 hPa, daylight 05:22-17:20"
"554","Sol 1375 (June 18, 2016): Sunny, high -2C/28F, low -73C/-99F, pressure  at 7.49 hPa, daylight 05:22-17:20"
"555","Sol 1372 (June 15, 2016): Sunny, high -4C/24F, low -74C/-101F, pressure  at 7.44 hPa, daylight 05:23-17:20"
"556","Sol 1365 (June 08, 2016): Sunny, high -15C/5F, low -74C/-101F, pressure  at 7.39 hPa, daylight 05:24-17:20"
"557","Sol 1363 (June 06, 2016): Sunny, high -14C/6F, low -75C/-103F, pressure  at 7.4 hPa, daylight 05:25-17:20"
"558","Sol 1362 (June 05, 2016): Sunny, high -17C/1F, low -74C/-101F, pressure  at 7.39 hPa, daylight 05:25-17:20"
"559","Sol 1359 (June 02, 2016): Sunny, high -13C/8F, low -76C/-104F, pressure  at 7.37 hPa, daylight 05:26-17:21"
"560","Sol 1358 (June 01, 2016): Sunny, high -16C/3F, low -74C/-101F, pressure  at 7.38 hPa, daylight 05:26-17:21"
"561","Sol 1357 (May 31, 2016): Sunny, high -18C/0F, low -72C/-97F, pressure  at 7.46 hPa, daylight 05:26-17:21"
"562","Sol 1355 (May 29, 2016): Sunny, high -11C/12F, low -75C/-103F, pressure  at 7.4 hPa, daylight 05:26-17:21"
"563","Sol 1354 (May 28, 2016): Sunny, high -5C/23F, low -75C/-103F, pressure  at 7.39 hPa, daylight 05:27-17:21"
"564","Sol 1351 (May 25, 2016): Sunny, high -12C/10F, low -72C/-97F, pressure  at 7.39 hPa, daylight 05:27-17:21"
"565","Sol 1350 (May 24, 2016): Sunny, high -9C/15F, low -73C/-99F, pressure  at 7.38 hPa, daylight 05:27-17:21"
"566","Sol 1349 (May 23, 2016): Sunny, high -9C/15F, low -73C/-99F, pressure  at 7.37 hPa, daylight 05:28-17:21"
"567","Sol 1348 (May 22, 2016): Sunny, high -22C/-7F, low -76C/-104F, pressure  at 7.42 hPa, daylight 05:28-17:21"
